territory,depth_factor,energy_factor,area_km2,cable2_km2,cable3_km2,cable2_pct,cable3_pct
Alaska,0-100,0-500,80021.55723828444,247.61612386233392,367.55818030250805,0.003094367722999869,0.0045932395342921225
Alaska,0-100,"500-1,000",691.4087062647623,23.249801610771634,33.456058552587116,0.03362671224719659,0.04838825176693065
Alaska,0-100,"1,000-1,500",162.17721475931344,3.7589059612586784,5.415405508066125,0.023177768633141565,0.033391901051594126
Alaska,0-100,">1,500",101.2789388876148,1.2061248475574788,1.8091521050057096,0.011908940405624386,0.017863063385895595
Alaska,100-200,0-500,43715.29927644527,426.33963580611334,643.9682726607736,0.009752641360408898,0.014730958802053936
Alaska,100-200,"500-1,000",24.87150066090733,0.7991208297695822,1.2861273036278384,0.032129980440851684,0.0517108847255588
Alaska,100-200,"1,000-1,500",3.8740123688852846,0,0,0,0
Alaska,100-200,">1,500",3.96351422802238,0,0,0,0
Alaska,"200-1,000",0-500,31456.334664699367,777.8613640580634,1087.8191130508808,0.024728289940626418,0.034581877534245686
Alaska,"200-1,000","500-1,000",5.3952013327036985,1.8599897698422052,2.4963733543434006,0.3447489083618883,0.4627025388675148
Alaska,"200-1,000","1,000-1,500",1.5969487498573731,0.9605867295134023,1.5969487498573731,0.6015138116355921,1
Alaska,"200-1,000",">1,500",1.4594425947983738,0.8107252511778223,1.135061066708839,0.5555033504348462,0.7777360142525174
Alaska,">1,000",0-500,7088.867485287645,0,0,0,0
