territory,depth_factor,energy_factor,area_km2,cable2_km2,cable3_km2,cable2_pct,cable3_pct
Puerto Rico,0-100,0-500,4459.625526464248,175.282275261843,257.95809097408426,0.03930425866963165,0.05784299364224932
Puerto Rico,100-200,0-500,393.41331252501936,20.73387297276635,34.168474348083585,0.05270252000292381,0.08685134249469664
Puerto Rico,"200-1,000",0-500,4876.750560735165,835.9595514344559,1208.877086074978,0.17141732820315417,0.24788577373798285
Puerto Rico,">1,000",0-500,2568.9031740931246,628.7105530933875,909.1220033220654,0.24473890625143363,0.3538950056547009
