territory,depth_factor,energy_factor,area_km2,cable2_km2,cable3_km2,cable2_pct,cable3_pct
West,0-100,0-500,27931.10205928543,633.6214259197059,887.6260062387086,0.022685156660657593,0.03177912580587294
West,0-100,"500-1,000",45.87112065672669,10.734491474504189,14.43720338076311,0.23401415358554248,0.31473404560579427
West,0-100,"1,000-1,500",9.16072950532751,0,0,0,0
West,0-100,">1,500",14.366692517722006,0,0,0,0
West,100-200,0-500,10436.078744670509,447.44511907483843,576.6848047909231,0.04287483163188467,0.05525876326732626
West,100-200,"500-1,000",1.8431463472703544,0.8230046890267884,0.8230046890267884,0.44652161790930717,0.44652161790930717
West,"200-1,000",0-500,21908.981829057862,569.0053363961582,771.0241237257179,0.025971327231714938,0.035192147665351996
West,">1,000",0-500,7426.046208247346,670.3133904738188,905.987084132161,0.09026517903017768,0.12200127210708363
