territory,depth_factor,energy_factor,area_km2,cable2_km2,cable3_km2,cable2_pct,cable3_pct
East,0-100,0-500,74187.98403763652,1665.9509386529692,2321.5739498847297,0.022455805482028073,0.03129312623870417
East,0-100,"500-1,000",390.37824049585987,3.9247834910192028,6.471565161677015,0.010053796763963915,0.016577679005512217
East,0-100,"1,000-1,500",127.224930195994,1.154172471155777,1.6158201562874939,0.009071904927577779,0.01270049945241292
East,0-100,">1,500",86.85590161328591,0,0,0,0
East,100-200,0-500,586.2537697483499,63.15531558327309,75.84740516563724,0.10772692448593137,0.1293764050305294
East,"200-1,000",0-500,331.9920334547946,48.996379728924225,65.61388948305574,0.14758299836009703,0.19763693965864396
