territory,depth_factor,energy_factor,area_km2,cable2_km2,cable3_km2,cable2_pct,cable3_pct
US Virgin Islands,0-100,0-500,1600.2970548407752,251.23651341701418,356.71427762855495,0.1569936735539462,0.22290503912978016
US Virgin Islands,100-200,0-500,79.08635031675001,12.893190459565252,18.16521841527576,0.16302674744663936,0.22968841453072433
US Virgin Islands,"200-1,000",0-500,742.2113895100254,80.27203103017142,154.08789088374988,0.10815251849363752,0.20760647581206182
US Virgin Islands,">1,000",0-500,1742.1734448550242,1067.6711008857874,1330.9380860313224,0.6128385804747668,0.76395268792659
