territory,depth_factor,energy_factor,area_km2,cable2_km2,cable3_km2,cable2_pct,cable3_pct
Gulf of Mexico,0-100,0-500,64488.7445677574,234.7293472728152,344.0366314771868,0.0036398498504834195,0.0053348322065056245
Gulf of Mexico,0-100,"500-1,000",32.371602779315666,0,0,0,0
Gulf of Mexico,0-100,"1,000-1,500",7.544894161560625,0,0,0,0
Gulf of Mexico,0-100,">1,500",2.7964831761107054,0,0,0,0
Gulf of Mexico,100-200,0-500,315.64523815360303,0,0,0,0
