region,energy_num,energy_lbl,area_km2,pct_all,cable2_km2,cable2_pct,cable2_pct_all,cable3_km2,cable3_pct,cable3_pct_all
East,0,0-500,195383.60085127616,31.36624374519206,6176.106706101676,3.16101590880335,0.9914919547795565,8725.41364480373,4.465786077637815,1.400749346250729
East,500,500-1000,458.60509666194986,0.07362296109813012,4.616319554471518,1.0066001420551878,7.410888309990133e-4,6.462620158609557,1.4091906534944874,0.001037487886620732
East,1000,1000-1500,138.21451020074156,0.02218850505974017,0.9232923342997663,0.6680140406088945,1.4822232920027928e-4,0.9232923342997663,0.6680140406088945,1.4822232920027928e-4
East,1500,>1500,88.83399364482204,0.014261118565643077,0,0,0,0,0,0
West,0,0-500,423888.7360106143,68.0497101937993,9171.511904101202,2.163660207255789,1.4723645006161217,12778.369647381256,3.014557491582244,2.0513976366471827
West,500,500-1000,2091.3686518522027,0.33574147783765473,139.85089602051806,6.687051366896044,0.022451205082979864,192.16095124097245,9.188286869978029,0.03084889012522742
West,1000,1000-1500,555.1056416797871,0.08911484272681079,25.528650293319206,4.598881433823621,0.0040982859569444205,36.531148033485564,6.580936184136023,0.005864590930444599
West,1500,>1500,305.9558813046108,0.04911715572066033,14.984953982694014,4.897749936624013,0.002405635463180159,24.68332978022288,8.067610818583372,0.003962580968700434
