energy_num,energy_lbl,area_km2,pct_all,cable2_km2,cable2_pct,cable2_pct_all,cable3_km2,cable3_pct,cable3_pct_all
0,0-10,1062566.3154634559,46.230406411517116,48036.6565516067,4.520814922563654,2.08999111181369,67393.62130074439,6.342533197219746,2.93217887386008
10,10-20,330647.82986419584,14.385910160384396,26448.954636445913,7.999131476927904,1.1507478678818777,33046.07222577531,9.994341181476388,1.4377769434894936
20,20-30,368799.04301352747,16.04580287796667,19296.364161560152,5.232216440662609,0.839551136217286,24959.53885775529,6.767788401457371,1.0859459860957412
30,>30,536401.2058674445,23.337880550131825,28415.307183727207,5.29739808056084,1.2363004363062648,38133.99275134221,7.1092294972889905,1.6591434881120415
